{
  "03_signature" : {
    "transaction" : "03_signature",
    "sampleCount" : 2005,
    "errorCount" : 0,
    "errorPct" : 0.0,
    "meanResTime" : 432.3366583541147,
    "medianResTime" : 406.0,
    "minResTime" : 228.0,
    "maxResTime" : 2296.0,
    "pct1ResTime" : 545.0,
    "pct2ResTime" : 829.3999999999978,
    "pct3ResTime" : 1025.5200000000004,
    "throughput" : 1.2203680337831957,
    "receivedKBytesPerSec" : 1.3586128501101984,
    "sentKBytesPerSec" : 0.7519857038906307
  },
  "03_All_Accounts" : {
    "transaction" : "03_All_Accounts",
    "sampleCount" : 2005,
    "errorCount" : 4,
    "errorPct" : 0.19950125,
    "meanResTime" : 3016.5566084788043,
    "medianResTime" : 2707.0,
    "minResTime" : 763.0,
    "maxResTime" : 301158.0,
    "pct1ResTime" : 3221.0,
    "pct2ResTime" : 3408.7999999999993,
    "pct3ResTime" : 4521.040000000001,
    "throughput" : 1.0318090520273633,
    "receivedKBytesPerSec" : 2.5712997986171184,
    "sentKBytesPerSec" : 1.7673448934972356
  },
  "02_signature" : {
    "transaction" : "02_signature",
    "sampleCount" : 2005,
    "errorCount" : 0,
    "errorPct" : 0.0,
    "meanResTime" : 418.0812967581045,
    "medianResTime" : 412.0,
    "minResTime" : 231.0,
    "maxResTime" : 1184.0,
    "pct1ResTime" : 528.4000000000001,
    "pct2ResTime" : 577.0,
    "pct3ResTime" : 956.0,
    "throughput" : 1.4921230045180442,
    "receivedKBytesPerSec" : 1.661152563623604,
    "sentKBytesPerSec" : 2.612672409278177
  },
  "02_Create_PSU_Consent" : {
    "transaction" : "02_Create_PSU_Consent",
    "sampleCount" : 2005,
    "errorCount" : 1,
    "errorPct" : 0.04987531,
    "meanResTime" : 3222.9152119700802,
    "medianResTime" : 3381.0,
    "minResTime" : 1341.0,
    "maxResTime" : 300759.0,
    "pct1ResTime" : 3875.4,
    "pct2ResTime" : 4071.7999999999993,
    "pct3ResTime" : 4805.020000000002,
    "throughput" : 1.2195960187033108,
    "receivedKBytesPerSec" : 4.5339844679048555,
    "sentKBytesPerSec" : 4.859327887021005
  },
  "01_login" : {
    "transaction" : "01_login",
    "sampleCount" : 2011,
    "errorCount" : 6,
    "errorPct" : 0.29835904,
    "meanResTime" : 1872.5882645450024,
    "medianResTime" : 1077.0,
    "minResTime" : 280.0,
    "maxResTime" : 300263.0,
    "pct1ResTime" : 1336.8,
    "pct2ResTime" : 1437.7999999999997,
    "pct3ResTime" : 2131.7599999999966,
    "throughput" : 1.032824932835564,
    "receivedKBytesPerSec" : 1.5757794528441718,
    "sentKBytesPerSec" : 0.4337057823430591
  },
  "01_signature" : {
    "transaction" : "01_signature",
    "sampleCount" : 2011,
    "errorCount" : 0,
    "errorPct" : 0.0,
    "meanResTime" : 438.01839880656394,
    "medianResTime" : 415.0,
    "minResTime" : 225.0,
    "maxResTime" : 3094.0,
    "pct1ResTime" : 561.0,
    "pct2ResTime" : 790.7999999999997,
    "pct3ResTime" : 981.7599999999998,
    "throughput" : 1.218832938672278,
    "receivedKBytesPerSec" : 1.356903857506247,
    "sentKBytesPerSec" : 0.4237348888352842
  },
  "06_Consent_Details" : {
    "transaction" : "06_Consent_Details",
    "sampleCount" : 2001,
    "errorCount" : 15,
    "errorPct" : 0.7496252,
    "meanResTime" : 4672.638180909548,
    "medianResTime" : 2718.0,
    "minResTime" : 778.0,
    "maxResTime" : 301243.0,
    "pct1ResTime" : 3233.6,
    "pct2ResTime" : 3420.399999999999,
    "pct3ResTime" : 8079.42,
    "throughput" : 1.029912763661013,
    "receivedKBytesPerSec" : 3.3621643671736794,
    "sentKBytesPerSec" : 1.7812260785582559
  },
  "06_consentDetails" : {
    "transaction" : "06_consentDetails",
    "sampleCount" : 2001,
    "errorCount" : 15,
    "errorPct" : 0.7496252,
    "meanResTime" : 4249.426786606697,
    "medianResTime" : 2270.0,
    "minResTime" : 521.0,
    "maxResTime" : 300269.0,
    "pct1ResTime" : 2702.8,
    "pct2ResTime" : 2882.0,
    "pct3ResTime" : 7468.340000000007,
    "throughput" : 1.030050076597427,
    "receivedKBytesPerSec" : 2.2158771903041967,
    "sentKBytesPerSec" : 1.139694078891489
  },
  "07_signature" : {
    "transaction" : "07_signature",
    "sampleCount" : 1997,
    "errorCount" : 0,
    "errorPct" : 0.0,
    "meanResTime" : 422.16875312969466,
    "medianResTime" : 408.0,
    "minResTime" : 227.0,
    "maxResTime" : 2115.0,
    "pct1ResTime" : 529.0,
    "pct2ResTime" : 601.1999999999998,
    "pct3ResTime" : 979.0,
    "throughput" : 1.215925765814037,
    "receivedKBytesPerSec" : 1.3536673564726585,
    "sentKBytesPerSec" : 0.7575787486224177
  },
  "05_All_Accounts_Transaction" : {
    "transaction" : "05_All_Accounts_Transaction",
    "sampleCount" : 2001,
    "errorCount" : 10,
    "errorPct" : 0.49975014,
    "meanResTime" : 2404.006496751627,
    "medianResTime" : 2715.0,
    "minResTime" : 699.0,
    "maxResTime" : 7792.0,
    "pct1ResTime" : 3211.3999999999996,
    "pct2ResTime" : 3378.8999999999996,
    "pct3ResTime" : 4064.5600000000004,
    "throughput" : 1.2178310921224405,
    "receivedKBytesPerSec" : 3.0251990491590512,
    "sentKBytesPerSec" : 2.0776864432987336
  },
  "06_signature" : {
    "transaction" : "06_signature",
    "sampleCount" : 2001,
    "errorCount" : 0,
    "errorPct" : 0.0,
    "meanResTime" : 423.21139430284853,
    "medianResTime" : 408.0,
    "minResTime" : 223.0,
    "maxResTime" : 1506.0,
    "pct1ResTime" : 542.0,
    "pct2ResTime" : 666.7999999999997,
    "pct3ResTime" : 970.9200000000001,
    "throughput" : 1.218166200240711,
    "receivedKBytesPerSec" : 1.3561615901117292,
    "sentKBytesPerSec" : 0.7589746442905992
  },
  "07_Delete_Consent" : {
    "transaction" : "07_Delete_Consent",
    "sampleCount" : 1997,
    "errorCount" : 17,
    "errorPct" : 0.85127693,
    "meanResTime" : 5065.976965448181,
    "medianResTime" : 2821.0,
    "minResTime" : 859.0,
    "maxResTime" : 301076.0,
    "pct1ResTime" : 3318.6000000000004,
    "pct2ResTime" : 3488.1,
    "pct3ResTime" : 8532.019999999997,
    "throughput" : 1.0279941810484614,
    "receivedKBytesPerSec" : 2.519869348831062,
    "sentKBytesPerSec" : 1.7769040043513444
  },
  "04_All_Accounts_Balance" : {
    "transaction" : "04_All_Accounts_Balance",
    "sampleCount" : 2004,
    "errorCount" : 7,
    "errorPct" : 0.3493014,
    "meanResTime" : 3478.4985029940094,
    "medianResTime" : 2729.5,
    "minResTime" : 712.0,
    "maxResTime" : 301001.0,
    "pct1ResTime" : 3269.0,
    "pct2ResTime" : 3493.5,
    "pct3ResTime" : 4761.4000000000015,
    "throughput" : 1.0307093790438884,
    "receivedKBytesPerSec" : 2.686287725493393,
    "sentKBytesPerSec" : 1.7886431314072166
  },
  "Total" : {
    "transaction" : "Total",
    "sampleCount" : 28048,
    "errorCount" : 60,
    "errorPct" : 0.213919,
    "meanResTime" : 1725.784369652029,
    "medianResTime" : 930.0,
    "minResTime" : 222.0,
    "maxResTime" : 300275.0,
    "pct1ResTime" : 2785.0,
    "pct2ResTime" : 3066.9500000000007,
    "pct3ResTime" : 3664.9900000000016,
    "throughput" : 14.377153202694384,
    "receivedKBytesPerSec" : 20.18498577303597,
    "sentKBytesPerSec" : 13.72235720719647
  },
  "01_Client_Access_Validation" : {
    "transaction" : "01_Client_Access_Validation",
    "sampleCount" : 2011,
    "errorCount" : 6,
    "errorPct" : 0.29835904,
    "meanResTime" : 2310.607160616608,
    "medianResTime" : 1526.0,
    "minResTime" : 534.0,
    "maxResTime" : 301110.0,
    "pct1ResTime" : 1863.8,
    "pct2ResTime" : 2049.7999999999997,
    "pct3ResTime" : 2723.839999999998,
    "throughput" : 1.0310467611237435,
    "receivedKBytesPerSec" : 2.7209115259594605,
    "sentKBytesPerSec" : 0.791408939690686
  },
  "05_signature" : {
    "transaction" : "05_signature",
    "sampleCount" : 2001,
    "errorCount" : 0,
    "errorPct" : 0.0,
    "meanResTime" : 417.68715642178944,
    "medianResTime" : 407.0,
    "minResTime" : 224.0,
    "maxResTime" : 1749.0,
    "pct1ResTime" : 525.0,
    "pct2ResTime" : 593.5999999999995,
    "pct3ResTime" : 993.9200000000001,
    "throughput" : 1.2180571957291908,
    "receivedKBytesPerSec" : 1.3560402374328882,