{
  "03_signature" : {
    "transaction" : "03_signature",
    "sampleCount" : 2173,
    "errorCount" : 0,
    "errorPct" : 0.0,
    "meanResTime" : 494.609756097561,
    "medianResTime" : 452.0,
    "minResTime" : 233.0,
    "maxResTime" : 15711.0,
    "pct1ResTime" : 607.0,
    "pct2ResTime" : 879.7999999999984,
    "pct3ResTime" : 1097.5199999999995,
    "throughput" : 1.2103846884387373,
    "receivedKBytesPerSec" : 1.3474985789259382,
    "sentKBytesPerSec" : 0.7458522835984798
  },
  "03_All_Accounts" : {
    "transaction" : "03_All_Accounts",
    "sampleCount" : 2171,
    "errorCount" : 0,
    "errorPct" : 0.0,
    "meanResTime" : 3002.8530631045587,
    "medianResTime" : 2947.0,
    "minResTime" : 924.0,
    "maxResTime" : 18533.0,
    "pct1ResTime" : 3536.0,
    "pct2ResTime" : 3849.4000000000005,
    "pct3ResTime" : 7186.560000000016,
    "throughput" : 1.2090834412374865,
    "receivedKBytesPerSec" : 3.0156241298052153,
    "sentKBytesPerSec" : 2.071027691338429
  },
  "02_signature" : {
    "transaction" : "02_signature",
    "sampleCount" : 2176,
    "errorCount" : 0,
    "errorPct" : 0.0,
    "meanResTime" : 482.6525735294122,
    "medianResTime" : 455.0,
    "minResTime" : 227.0,
    "maxResTime" : 7951.0,
    "pct1ResTime" : 576.3,
    "pct2ResTime" : 645.0,
    "pct3ResTime" : 1075.38,
    "throughput" : 1.2104853846128172,
    "receivedKBytesPerSec" : 1.3476106820884879,
    "sentKBytesPerSec" : 2.119531537705841
  },
  "02_Create_PSU_Consent" : {
    "transaction" : "02_Create_PSU_Consent",
    "sampleCount" : 2175,
    "errorCount" : 0,
    "errorPct" : 0.0,
    "meanResTime" : 3674.6450574712653,
    "medianResTime" : 3605.0,
    "minResTime" : 1615.0,
    "maxResTime" : 11383.0,
    "pct1ResTime" : 4260.200000000001,
    "pct2ResTime" : 4671.599999999998,
    "pct3ResTime" : 8178.119999999992,
    "throughput" : 1.2094251755056649,
    "receivedKBytesPerSec" : 4.4975498714116915,
    "sentKBytesPerSec" : 4.8188034336553836
  },
  "01_login" : {
    "transaction" : "01_login",
    "sampleCount" : 2178,
    "errorCount" : 0,
    "errorPct" : 0.0,
    "meanResTime" : 1230.8838383838397,
    "medianResTime" : 1213.0,
    "minResTime" : 302.0,
    "maxResTime" : 8977.0,
    "pct1ResTime" : 1488.1000000000001,
    "pct2ResTime" : 1692.1499999999992,
    "pct3ResTime" : 2899.390000000002,
    "throughput" : 1.2109425169256738,
    "receivedKBytesPerSec" : 1.8518906069390677,
    "sentKBytesPerSec" : 0.5085012522246481
  },
  "01_signature" : {
    "transaction" : "01_signature",
    "sampleCount" : 2184,
    "errorCount" : 0,
    "errorPct" : 0.0,
    "meanResTime" : 509.3740842490836,
    "medianResTime" : 453.0,
    "minResTime" : 220.0,
    "maxResTime" : 7878.0,
    "pct1ResTime" : 644.5,
    "pct2ResTime" : 939.0,
    "pct3ResTime" : 1210.7500000000023,
    "throughput" : 1.2132645816737053,
    "receivedKBytesPerSec" : 1.3507047100664296,
    "sentKBytesPerSec" : 0.42179901472249903
  },
  "06_Consent_Details" : {
    "transaction" : "06_Consent_Details",
    "sampleCount" : 2163,
    "errorCount" : 0,
    "errorPct" : 0.0,
    "meanResTime" : 2991.467406380029,
    "medianResTime" : 2935.0,
    "minResTime" : 911.0,
    "maxResTime" : 10273.0,
    "pct1ResTime" : 3550.6000000000004,
    "pct2ResTime" : 3957.199999999996,
    "pct3ResTime" : 7240.160000000001,
    "throughput" : 1.2085682628744927,
    "receivedKBytesPerSec" : 3.962073885224289,
    "sentKBytesPerSec" : 2.0902093687018817
  },
  "06_consentDetails" : {
    "transaction" : "06_consentDetails",
    "sampleCount" : 2163,
    "errorCount" : 0,
    "errorPct" : 0.0,
    "meanResTime" : 2511.678687008782,
    "medianResTime" : 2468.0,
    "minResTime" : 638.0,
    "maxResTime" : 9820.0,
    "pct1ResTime" : 2996.2000000000003,
    "pct2ResTime" : 3323.399999999995,
    "pct3ResTime" : 6838.640000000003,
    "throughput" : 1.208882351100122,
    "receivedKBytesPerSec" : 2.617277512098604,
    "sentKBytesPerSec" : 1.3375622107387093
  },
  "07_signature" : {
    "transaction" : "07_signature",
    "sampleCount" : 2160,
    "errorCount" : 0,
    "errorPct" : 0.0,
    "meanResTime" : 484.46157407407395,
    "medianResTime" : 449.0,
    "minResTime" : 226.0,
    "maxResTime" : 7559.0,
    "pct1ResTime" : 583.0,
    "pct2ResTime" : 751.6999999999989,
    "pct3ResTime" : 1120.3899999999999,
    "throughput" : 1.2091769815247833,
    "receivedKBytesPerSec" : 1.3461540614631378,
    "sentKBytesPerSec" : 0.753373939660949
  },
  "05_All_Accounts_Transaction" : {
    "transaction" : "05_All_Accounts_Transaction",
    "sampleCount" : 2166,
    "errorCount" : 0,
    "errorPct" : 0.0,
    "meanResTime" : 3005.6772853185585,
    "medianResTime" : 2951.0,
    "minResTime" : 761.0,
    "maxResTime" : 19277.0,
    "pct1ResTime" : 3539.3,
    "pct2ResTime" : 3819.3,
    "pct3ResTime" : 7443.919999999998,
    "throughput" : 1.2089414785253818,
    "receivedKBytesPerSec" : 3.004644592624117,
    "sentKBytesPerSec" : 2.0625202763514077
  },
  "06_signature" : {
    "transaction" : "06_signature",
    "sampleCount" : 2164,
    "errorCount" : 0,
    "errorPct" : 0.0,
    "meanResTime" : 479.7231977818849,
    "medianResTime" : 449.0,
    "minResTime" : 234.0,
    "maxResTime" : 4648.0,
    "pct1ResTime" : 590.5,
    "pct2ResTime" : 752.0,
    "pct3ResTime" : 1079.7999999999993,
    "throughput" : 1.2093851416640446,
    "receivedKBytesPerSec" : 1.3463858022431747,
    "sentKBytesPerSec" : 0.7535036331852153
  },
  "07_Delete_Consent" : {
    "transaction" : "07_Delete_Consent",
    "sampleCount" : 2160,
    "errorCount" : 0,
    "errorPct" : 0.0,
    "meanResTime" : 3115.355555555553,
    "medianResTime" : 3071.5,
    "minResTime" : 774.0,
    "maxResTime" : 10858.0,
    "pct1ResTime" : 3644.0,
    "pct2ResTime" : 3994.5999999999985,
    "pct3ResTime" : 7488.39999999998,
    "throughput" : 1.2083206301168323,
    "receivedKBytesPerSec" : 2.9724215500627933,
    "sentKBytesPerSec" : 2.08860108916679
  },
  "04_All_Accounts_Balance" : {
    "transaction" : "04_All_Accounts_Balance",
    "sampleCount" : 2168,
    "errorCount" : 0,
    "errorPct" : 0.0,
    "meanResTime" : 3068.030904059043,
    "medianResTime" : 2977.0,
    "minResTime" : 800.0,
    "maxResTime" : 20644.0,
    "pct1ResTime" : 3617.3,
    "pct2ResTime" : 4058.0,
    "pct3ResTime" : 7766.409999999994,
    "throughput" : 1.2087502815585296,
    "receivedKBytesPerSec" : 3.155263186138623,
    "sentKBytesPerSec" : 2.0976066897749095
  },
  "Total" : {
    "transaction" : "Total",
    "sampleCount" : 30373,
    "errorCount" : 0,
    "errorPct" : 0.0,
    "meanResTime" : 1470.6633523194869,
    "medianResTime" : 924.0,
    "minResTime" : 220.0,
    "maxResTime" : 20117.0,
    "pct1ResTime" : 2906.0,
    "pct2ResTime" : 3208.0,
    "pct3ResTime" : 6577.850000000024,
    "throughput" : 16.867994461935243,
    "receivedKBytesPerSec" : 23.72386423282503,
    "sentKBytesPerSec" : 16.102620099177845
  },
  "01_Client_Access_Validation" : {
    "transaction" : "01_Client_Access_Validation",
    "sampleCount" : 2178,
    "errorCount" : 0,
    "errorPct" : 0.0,
    "meanResTime" : 1740.727731864095,
    "medianResTime" : 1694.0,
    "minResTime" : 556.0,
    "maxResTime" : 9439.0,
    "pct1ResTime" : 2137.1000000000004,
    "pct2ResTime" : 2356.0499999999997,
    "pct3ResTime" : 5215.620000000001,
    "throughput" : 1.209760064253923,
    "receivedKBytesPerSec" : 3.1968854822960115,
    "sentKBytesPerSec" : 0.9285853618199057
  },
  "05_signature" : {
    "transaction" : "05_signature",
    "sampleCount" : 2166,
    "errorCount" : 0,
    "errorPct" : 0.0,
    "meanResTime" : 494.80424746075795,
    "medianResTime" : 446.0,
    "minResTime" : 221.0,
    "maxResTime" : 16454.0,
    "pct1ResTime" : 585.0,
    "pct2ResTime" : 862.3000000000002,
    "pct3ResTime" : 1107.3099999999995,
    "throughput" : 1.2096679612236076,
    "receivedKBytesPerSec" : 1.3467006599559694,
    "sentKBytesPerSec" : 0.734778781133871
  },